Video_ID,Title,Channel,Published_At,Views,Likes,Comments,Duration_Seconds,Engagement_Rate_%
lkF2pt6q27A,Indian Army Tank Convoy | Powerful Movement Through Dense Jungle | Military Operation 2025 #shorts,RV life journey ,2025-07-25T02:50:38Z,2386285,0,72,9,0.0030172422824599745
xz8htb5-8wM,Army Madical #army #defenceacademy #trending #armylover #1600mtrruning #armylife #viral #shorts,Defence Defender Ravinder Fouji,2025-07-25T08:29:37Z,59471244,219564,1768,14,0.37216642046364456
aTkQyehPGY0,Service Rifles of Indian Army: 1947-Present #shorts #short,Defence Tech Elite,2025-07-28T07:57:56Z,6864893,26373,98,7,0.3855996007512426
e-1L76ITIkI,The Indian Army has recently inducted 100 robotic mules (Multi-Utility Legged Equipment)# Army,Sandhya Chauhan (Radhe Krishna),2025-01-10T16:07:35Z,2922842,56072,422,12,1.9328448133700007
dYKKYkrMp_g,Top 5 Future Indian Military Weapons with Insane Price! (2025–2030)#IndianMilitary #indiandefence,Top 5 Trigger ,2025-08-02T16:26:57Z,1235134,4254,75,5,0.3504882871008328
6oUTjpRLClI,Indian Army Soldiers Intense Training Drill #army #shrots,Specialarmy,2025-07-11T02:39:09Z,3292129,28883,80,9,0.8797650395838073
fV5wWRIXxcI,Indian Army kahi bhi bridge bana sakti hai! #army,CarDekho,2024-03-18T10:30:12Z,32757068,1212943,1560,49,3.7076059432425397
IVhHrvvnh0c,India’s S-400 Missile Shield: Sudarshan Chakra Explained!”,Rainbow joys,2025-07-12T00:52:55Z,1049884,7377,32,9,0.70569701033638
7ikwcwlE8M4,Can we join Infantry via Technical Entry,Defence Direct Education,2024-02-01T03:56:10Z,140154,9650,55,46,6.924525878676313
2bpZ7I8WyTQ,Top 4 countries with advanced drone technology#youtubeshorts #indianarmy #army #military #drone #uav,Epic Defence Education,2025-10-22T07:30:01Z,57394,0,14,5,0.024392793671812383
r1ZM2vXiVvs,10 Secret Indian Army Tech 🇮🇳,Tech Burner,2025-12-13T15:27:04Z,1378799,42084,3469,1922,3.303817307671386
lJ_Smaf3iE8,China VS Indian Army Power 🔥☠️🪖⚔️ #china #indianarmy #itbp #india #army #soldier #military #power,Indian Fauji •B,2025-05-27T03:06:40Z,3644977,69764,979,17,1.9408352919648053
nfwxJfI-lUE,All about Technical Entry Scheme to join Military✅✅#military #indianarmy #tes #technicalentryscheme,Vedantu JEE Made Ejee,2024-07-09T11:30:21Z,643237,20239,120,41,3.1650853417947036
0uUnG7zavxo,India Vs China Military Power 2025,Gravity,2025-07-31T12:01:18Z,858791,5946,4607,415,1.2288205162839387
LzSZRoKTr48,Indian Army Vs US Army - Which One Is Better? | Col. Shivender Kanwar | Raj Shamani Clips,Raj Shamani Clips,2024-08-13T16:15:01Z,1852601,38198,2662,312,2.205547767706052
5dolasxZxnE,Power of army || power of army officer #indianarmy #viralshort | 2025,Sainik Pariwar,2024-09-07T16:39:27Z,8093356,228704,766,22,2.8352885996859643
udhjH7FXlHo,Top 10 DRDO Projects for Indian Army #indianarmy #defensetechnology #drdo #ytshorts,The Story Panti,2025-06-30T13:48:34Z,25691,313,3,12,1.2300027246895802
9s74IvtvcBE,Indian Army Science Project #shorts #science #technology #trending #experiment,VMK Technical Power,2023-09-15T01:30:06Z,12761743,542159,243,14,4.250218798482307
DfCKJK182nI,"Indian Airforce, Navy & Army Tech Exam Qualified at Age 19 | Success Story | Cadets Defence Academy",English by Sanjeev Thakur,2025-09-16T10:03:04Z,95644,2929,68,9,3.133495044121952
lMNrLworgfg,7 Indian Army Tech You Didn't Know About !,Tech Burner,2024-08-15T09:36:54Z,646915,29487,925,594,4.701081285794888
OyC-b87GyWA,Game Changer weapons India acquired in 2024 #INDIA #weapons,StudyIQ IAS,2024-12-29T08:28:01Z,585228,52572,197,61,9.01682762957343
VFHbk6YvI7M,Indian Army’s 1986 Bofors Gun - 155mm field Howitzer #india #defence #army #indianarmy,CK FILMZ,2023-05-09T15:26:53Z,436032,4695,25,10,1.0824893585791868
E1c_6gj_RPo,Full List of Drones Used by the Indian Army,Defence Insight,2025-03-07T07:45:06Z,87221,1749,40,1198,2.0511115442381995
Ye6EJbqwCkI,India Vs Pakistan Military Power 2024,Gravity,2024-07-04T20:40:05Z,12198502,78057,14093,527,0.755420624598004
d8bVzGTn_zs,"Indian Army Safety Project, Inspire Award Project, RFID Based Security Project #science #technology",VMK Technical Power,2023-01-19T01:30:09Z,274389,2287,11,16,0.8374971299869893
Rwltvf-4_fo,Is India Ready to Use AI in Its Military? Indian Army Chief Answers | Palki Sharma,Firstpost,2024-10-01T07:24:33Z,5269,147,5,162,2.884797874359461
Oq1TKj9pZ7w,Indian Army’s BHAYANKAR Protection For Indian Borders #shorts,FactTechz,2025-07-01T00:30:18Z,1947562,177271,822,58,9.144407212710044
pAXX_ERbsYk,Top 25 Most Powerful Weapons of India in 2026: India's Military Strength,The Buzz,2026-03-06T18:09:35Z,51470,1261,80,590,2.605401204585195
GQa_xOvky8I,Indian ARMY Gets ‘INVISIBLE in Radar’ 5th Gen FIGHTER JETS - #shorts,FactTechz,2025-05-30T00:30:12Z,6117316,375925,2062,50,6.178968031077682
RVjH40gFyes,Service Rifles🔥of Indian Army & Pakistan Army | 2025 Updated Weapons Explained! #shorts,Defence Tech Elite,2025-07-11T13:00:40Z,1759270,8320,126,6,0.4800854900043768
LuoTCRr5xAQ,HILD defence introduces lightest ISR drone for Indian Armed Forces,Technical Astra,2026-05-28T11:42:15Z,8066,500,56,328,6.893131663773866
eKpwnWrLVQQ,Indian Army is weak? - Al Jazeera thinks so,Abhi and Niyu,2024-01-15T11:38:23Z,4318843,389713,5576,60,9.152659635925641
0z4LKfkr9GE,KALI Weapon Reality | India’s Deadliest Secret Weapon | 😱 #shortsfeed,Syamshallu Knowledge ,2025-06-24T08:36:43Z,341591,0,105,24,0.030738514773515697
ivgd9SsH4zI,Legendary Indian Army Firearms🔥Designer & Induction year #shorts,Defence Tech Elite,2025-10-17T07:13:12Z,108024,662,6,7,0.618381100496186
0jRYwLlUPjs,3 Powerful Indian Military Drones! 🤯⚔️,The Dig Files,2025-05-01T00:30:00Z,917755,0,44,42,0.00479430784904468
MmPbhYIR1cg,12 Best Ways for Women to Join Indian Armed Forces in 2025,Defence Updates by SSBCrackExams,2025-04-07T07:24:26Z,412350,16009,40,60,3.8920819692009214
-h40wqlP3ng,Join Indian Army by TGC✅✅#tgc #indianarmy #military #indianmilitary #lieutenant #army #defence,Vedantu JEE Made Ejee,2024-07-10T03:30:00Z,179127,5644,37,45,3.171492851440598
882DDLPdfPM,Indian Army Drone Test : 4 missiles  #MissileDrone #drone #indianarmy #army #defence #india,XiLiR Technologies,2025-05-29T16:16:32Z,96039,893,21,18,0.9516967065462989
UaYgOMo-hTs,India vs China | Military Power & Defense Budget 2025,The Comparison Zone,2025-06-22T03:31:17Z,1011767,3848,458,6,0.42559205825056556
wVbza85gZ2E,Power Of S-400 defence System 🔥🙏🙌 | Indian Army Status In Telugu Venu Kalyan #pahalgam #s400missile,Telugu Business Talks with Venu Kalyan,2025-05-15T12:31:13Z,4101822,194334,718,60,4.755252665766578
mU8maCdZt60,An Artillery Shell..💀🔥 #ytshorts #army #artillery #trending,Dark Horse,2025-08-14T10:01:21Z,12105622,223544,582,13,1.8514207696225768
ZjYFOj9mfVI,"India’s Most Dangerous Missiles 2025🔥| Agni-V, BrahMos-II All Categories Covered! #shorts #army",Defence Tech Elite,2025-08-13T12:30:15Z,974139,3935,26,6,0.40661548300601863
110Pkwk7wW8,Technical Army Work / Promotion and Rank  full Information ll Technical Army Ki poori जानकारी,Army Officials,2025-01-14T02:23:42Z,35572,712,94,212,2.2658270549870685
C3PeoDHkR_o,Indian Army’s Game-Changing Tech in Operation Sindoor! | Curly Tales #shorts,Curly Tales ,2025-06-22T11:56:27Z,51851,3409,32,61,6.636323311025824
0cPKVFxBTtM,Indian Army vs Chinese Army: Real Comparison!,ITS~SCROLLING*,2025-07-15T15:45:00Z,213846,3282,116,16,1.58899394891651
cVUF9AP3w2A,Indian Armed Forces Female Officers ll Indian Army Edits #army #indianarmy #women #womenempowerment,Defence Editzz ,2025-04-20T06:15:58Z,337904,8893,27,18,2.639803020976372
_vplhsU1VGk,"Indian Army Safety Project, Missile Launcher #shorts #science #technology #trending",VMK Technical Power,2023-08-07T01:30:18Z,225037,4990,23,15,2.2276336780173924
kdGa09Wu7Os,Join Indian Army Common Entrance Exam CEE Recruitment 2025 Apply Online FormIndian Army recruitment,India Buzz TV,2025-03-18T04:39:49Z,1913560,6884,33,6,0.3614728568740985
SKYcxvNMhao,5 ways to join Indian Armed Forces. #shorts #indianarmy #indiannavy,Ritik Meghwani,2025-02-26T13:50:35Z,1984716,111325,512,59,5.634911997484779
6JnnPiMgyqg,Indian Army 122 mm 'Upgraded' Grad Multi Barrel Rocket Launcher Firing at Devlali Range,Delhi Defence Review,2020-01-16T14:38:25Z,2993537,9158,206,20,0.3128072243636875
